AF,AFG,AFG,Afghanistan
AL,ALB,ALB,Albania
DZ,DZA,ALG,Algeria
AS,ASM,ASA,American Samoa
AD,AND,AND,Andorra
AO,AGO,ANG,Angola
AG,ATG,ANT,Antigua and Barbuda
AR,ARG,ARG,Argentina
AM,ARM,ARM,Armenia
AW,ABW,ARU,Aruba
AU,AUS,AUS,Australia
AT,AUT,AUT,Austria
AZ,AZE,AZE,Azerbaijan
BS,BHS,BAH,Bahamas
BH,BHR,BRN,Bahrain
BD,BGD,BAN,Bangladesh
BB,BRB,BAR,Barbados
BY,BLR,BLR,Belarus
BE,BEL,BEL,Belgium
BZ,BLZ,BIZ,Belize
BJ,BEN,BEN,Benin
BM,BMU,BER,Bermuda
BT,BTN,BHU,Bhutan
BO,BOL,BOL,Bolivia
BA,BIH,BIH,Bosnia and Herzegovina
BW,BWA,BOT,Botswana
BR,BRA,BRA,Brazil
VG,VGB,IVB,British Virgin Islands
BN,BRN,BRU,Brunei
BG,BGR,BUL,Bulgaria
BF,BFA,BUR,Burkina Faso
BI,BDI,BDI,Burundi
KH,KHM,CAM,Cambodia
CM,CMR,CMR,Cameroon
CA,CAN,CAN,Canada
CV,CPV,CPV,Cape Verde
KY,CYM,CAY,Cayman Islands
CF,CAF,CAF,Central African Republic
TD,TCD,CHA,Chad
CL,CHL,CHI,Chile
CN,CHN,CHN,China
CO,COL,COL,Colombia
KM,COM,COM,Comoros
CK,COK,COK,Cook Islands
CR,CRI,CRC,Costa Rica
HR,HRV,CRO,Croatia
CU,CUB,CUB,Cuba
CY,CYP,CYP,Cyprus
CZ,CZE,CZE,Czechia
CD,COD,COD,Democratic Republic of the Congo
DK,DNK,DEN,Denmark
DJ,DJI,DJI,Djibouti
DM,DMA,DMA,Dominica
DO,DOM,DOM,Dominican Republic
TL,TLS,TLS,East Timor
EC,ECU,ECU,Ecuador
EG,EGY,EGY,Egypt
SV,SLV,ESA,El Salvador
GQ,GNQ,GEQ,Equatorial Guinea
ER,ERI,ERI,Eritrea
EE,EST,EST,Estonia
SZ,SWZ,SWZ,Eswatini
ET,ETH,ETH,Ethiopia
FM,FSM,FSM,Federated States of Micronesia
FJ,FJI,FIJ,Fiji
FI,FIN,FIN,Finland
FR,FRA,FRA,France
GA,GAB,GAB,Gabon
GM,GMB,GAM,Gambia
GE,GEO,GEO,Georgia
DE,DEU,GER,Germany
GH,GHA,GHA,Ghana
GR,GRC,GRE,Greece
GD,GRD,GRN,Grenada
GU,GUM,GUM,Guam
GT,GTM,GUA,Guatemala
GN,GIN,GUI,Guinea
GW,GNB,GBS,Guinea-Bissau
GY,GUY,GUY,Guyana
HT,HTI,HAI,Haiti
HN,HND,HON,Honduras
HK,HKG,HKG,Hong Kong
HU,HUN,HUN,Hungary
IS,ISL,ISL,Iceland
IN,IND,IND,India
ID,IDN,INA,Indonesia
IR,IRN,IRI,Iran
IQ,IRQ,IRQ,Iraq
IE,IRL,IRL,Ireland
IL,ISR,ISR,Israel
IT,ITA,ITA,Italy
CI,CIV,CIV,Ivory Coast
JM,JAM,JAM,Jamaica
JP,JPN,JPN,Japan
JO,JOR,JOR,Jordan
KZ,KAZ,KAZ,Kazakhstan
KE,KEN,KEN,Kenya
KI,KIR,KIR,Kiribati
XK,XXK,KOS,Kosovo
KW,KWT,KUW,Kuwait
KG,KGZ,KGZ,Kyrgyzstan
LA,LAO,LAO,Laos
LV,LVA,LAT,Latvia
LB,LBN,LBN,Lebanon
LS,LSO,LES,Lesotho
LR,LBR,LBR,Liberia
LY,LBY,LBA,Libya
LI,LIE,LIE,Liechtenstein
LT,LTU,LTU,Lithuania
LU,LUX,LUX,Luxembourg
MG,MDG,MAD,Madagascar
MW,MWI,MAW,Malawi
MY,MYS,MAS,Malaysia
MV,MDV,MDV,Maldives
ML,MLI,MLI,Mali
MT,MLT,MLT,Malta
MH,MHL,MHL,Marshall Islands
MR,MRT,MTN,Mauritania
MU,MUS,MRI,Mauritius
MX,MEX,MEX,Mexico
MD,MDA,MDA,Moldova
MN,MNG,MGL,Mongolia
ME,MNE,MNE,Montenegro
MA,MAR,MAR,Morocco
MZ,MOZ,MOZ,Mozambique
MM,MMR,MYA,Myanmar
NA,NAM,NAM,Namibia
NR,NRU,NRU,Nauru
NP,NPL,NEP,Nepal
NL,NLD,NED,Netherlands
NZ,NZL,NZL,New Zealand
NI,NIC,NCA,Nicaragua
NE,NER,NIG,Niger
NG,NGA,NGR,Nigeria
KP,PRK,PRK,North Korea
MK,MKD,MKD,North Macedonia
NO,NOR,NOR,Norway
OM,OMN,OMA,Oman
PK,PAK,PAK,Pakistan
PW,PLW,PLW,Palau
PS,PSE,PLE,Palestine
PA,PAN,PAN,Panama
PG,PNG,PNG,Papua New Guinea
PY,PRY,PAR,Paraguay
PE,PER,PER,Peru
PH,PHL,PHI,Philippines
PL,POL,POL,Poland
PT,PRT,POR,Portugal
MC,MCO,MON,Principality of Monaco
PR,PRI,PUR,Puerto Rico
QA,QAT,QAT,Qatar
CG,COG,CGO,Republic of the Congo
RO,ROU,ROU,Romania
RU,RUS,RUS,Russia
RW,RWA,RWA,Rwanda
KN,KNA,SKN,Saint Kitts and Nevis
LC,LCA,LCA,Saint Lucia
VC,VCT,VIN,Saint Vincent and the Grenadines
WS,WSM,SAM,Samoa
SM,SMR,SMR,San Marino
ST,STP,STP,Sao Tome and Principe
SA,SAU,KSA,Saudi Arabia
SN,SEN,SEN,Senegal
RS,SRB,SRB,Serbia
SC,SYC,SEY,Seychelles
SL,SLE,SLE,Sierra Leone
SG,SGP,SGP,Singapore
SK,SVK,SVK,Slovakia
SI,SVN,SLO,Slovenia
SB,SLB,SOL,Solomon Islands
SO,SOM,SOM,Somalia
ZA,ZAF,RSA,South Africa
KR,KOR,KOR,South Korea
ES,ESP,ESP,Spain
LK,LKA,SRI,Sri Lanka
SD,SDN,SUD,Sudan
SR,SUR,SUR,Suriname
SE,SWE,SWE,Sweden
CH,CHE,SUI,Switzerland
SY,SYR,SYR,Syria
TW,TWN,TPE,Taiwan
TJ,TJK,TJK,Tajikistan
TZ,TZA,TAN,Tanzania
TH,THA,THA,Thailand
TG,TGO,TOG,Togo
TO,TON,TGA,Tonga
TT,TTO,TTO,Trinidad and Tobago
TN,TUN,TUN,Tunisia
TR,TUR,TUR,Turkey
TM,TKM,TKM,Turkmenistan
TV,TUV,TUV,Tuvalu
UG,UGA,UGA,Uganda
UA,UKR,UKR,Ukraine
AE,ARE,UAE,United Arab Emirates
GB,GBR,GBR,United Kingdom
US,USA,USA,United States of America
UY,URY,URU,Uruguay
UZ,UZB,UZB,Uzbekistan
VU,VUT,VAN,Vanuatu
VE,VEN,VEN,Venezuela
VN,VNM,VIE,Vietnam
VI,VIR,ISV,Virgin Islands
YE,YEM,YEM,Yemen
ZM,ZMB,ZAM,Zambia
ZW,ZWE,ZIM,Zimbabwe
AX,ALA,,ï¿½land Islands
AI,AIA,,Anguilla
AQ,ATA,,Antarctica
BV,BVT,,Bouvet Island
IO,IOT,,British Indian Ocean Territory
BQ,BES,,Caribbean Netherlands
CX,CXR,,Christmas Island
CC,CCK,,Cocos (Keeling) Islands
CW,CUW,,Curacao
FK,FLK,,Falkland Islands
FO,FRO,,Faroe Islands
GF,GUF,,French Guiana
PF,PYF,,French Polynesia
TF,ATF,,French Southern and Antarctic Lands
GI,GIB,,Gibraltar
GL,GRL,,Greenland
GP,GLP,,Guadeloupe
GG,GGY,,Guernsey
HM,HMD,,Heard Island and McDonald Islands
IM,IMN,,Isle of Man
JE,JEY,,Jersey
MO,MAC,,Macao
MQ,MTQ,,Martinique
YT,MYT,,Mayotte
MS,MSR,,Montserrat
NC,NCL,,New Caledonia
NU,NIU,,Niue
NF,NFK,,Norfolk Island
MP,MNP,,Northern Mariana Islands
PN,PCN,,Pitcairn Islands
RE,REU,,Reunion
BL,BLM,,Saint Barthelemy
SH,SHN,,"Saint Helena, Ascension and Tristan da Cunha"
MF,MAF,,Saint Martin
PM,SPM,,Saint Pierre and Miquelon
SX,SXM,,Sint Maarten
GS,SGS,,South Georgia and South Sandwich Islands
SS,SSD,,South Sudan
SJ,SJM,,Svalbard
TK,TKL,,Tokelau
TC,TCA,,Turks and Caicos Islands
UM,UMI,,United States Minor Outlying Islands
VA,VAT,,Vatican City
WF,WLF,,Wallis and Futuna
EH,ESH,,Western Sahara
